2025-11-11_15-20-57,0,draft.py:2025-11-11_15-20-57
2025-11-16_13-55-29,0,draft.py:2025-11-11_15-20-57
2025-11-16_13-58-11,0,draft.py:2025-11-11_15-20-57
2025-11-16_14-00-33,0,draft.py:2025-11-16_14-00-33
2025-11-17_14-37-42,0,draft.py:2025-11-16_14-00-33
2025-11-17_15-30-17,0,draft.py:2025-11-16_14-00-33
2025-11-17_15-34-24,0,draft.py:2025-11-16_14-00-33
2025-11-17_15-34-50,0,draft.py:2025-11-16_14-00-33
2025-11-19_18-42-52,0,draft.py:2025-11-19_18-42-52
2025-11-19_18-45-48,0,draft.py:2025-11-19_18-42-52
2025-11-19_18-51-12,0,draft.py:2025-11-19_18-51-12
